tag,sentence
O,13
O,October
O,2021
O,FURTHER
O,GOLD
O,SILVER
O,DRILL
O,RESULTS
O,FOR
O,KRAKAUER
O,PROSPECT
O,The
O,Directors
O,of
O,Prospech
O,Limited
O,(
O,‘
O,Prospech
O,’
O,or
O,‘
O,the
O,Company
O,’
O,)
O,(
O,ASX
O,:
O,PRS
O,)
O,are
O,pleased
O,to
O,announce
O,further
O,gold
O,and
O,silver
O,intersections
O,from
O,drilling
O,at
O,the
O,Krakauer
O,vein
O,prospect
O,","
O,within
O,the
O,Nova
O,Bana
O,exploration
O,licence
O,","
O,https
O,:
O,//prospech.com.au/novabana
O,in
O,the
O,Western
O,Slovakian
O,neovolcanic
O,belt.
O,Three
O,new
O,holes
O,are
O,reported
O,below.
O,One
O,additional
O,hole
O,","
B-H,KVDD006
O,","
O,is
O,currently
O,being
O,sampled
O,","
O,with
O,assay
O,results
O,to
O,follow.
O,Previously
O,reported
O,results
O,are
O,in
O,italics.
B-E,•
B-H,KVDD001
B-E,:
B-D,5.0m
I-D,(
I-D,3.8m
I-D,ETW1
I-D,)
B-E,@
B-P,1.89
I-P,g/t
B-M,Au
B-E,and
B-P,28
I-P,g/t
B-M,Ag
B-E,from
B-D,162.8m
B-E,including
B-D,0.5m
I-D,(
I-D,0.4m
I-D,ETW
I-D,)
B-E,@
B-P,6.95
I-P,g/t
B-M,Au
B-E,and
B-P,84
I-P,g/t
B-M,Ag
B-E,from
B-D,163.7m
B-E,•
B-H,KVDD002
B-E,:
B-D,9.0m
I-D,(
I-D,6.9m
I-D,ETW
I-D,)
B-E,@
B-P,1.58
I-P,g/t
B-M,Au
B-E,and
B-P,10
I-P,g/t
B-M,Ag
B-E,from
B-D,170.5m
B-E,including
B-D,0.5m
I-D,(
I-D,0.4m
I-D,ETW
I-D,)
B-E,@
B-P,3.34
I-P,g/t
B-M,Au
B-E,and
B-P,7
I-P,g/t
B-M,Ag
B-E,from
B-D,170.5m
B-E,and
B-D,3.0m
I-D,(
I-D,2.3m
I-D,ETW
I-D,)
B-E,@
B-P,2.19
I-P,g/t
B-M,Au
B-E,and
B-P,4
I-P,g/t
B-M,Ag
B-E,from
B-D,176.5m
B-E,•
B-H,KVDD003
B-E,:
B-D,2.5m
I-D,(
I-D,1.8m
I-D,ETW
I-D,)
B-E,@
B-P,2.12
I-P,g/t
B-M,Au
B-E,and
B-P,35
I-P,g/t
B-M,Ag
B-E,from
B-D,127.7m
B-E,•
B-H,KVDD004
B-E,:
B-D,1.7m
I-D,(
I-D,1.2m
I-D,ETW
I-D,)
B-E,@
B-P,1.12
I-P,g/t
B-M,Au
B-E,and
B-P,11
I-P,g/t
B-M,Ag
B-E,from
B-D,140.1m
B-E,•
B-H,KVDD005
B-E,:
B-D,4.0m
I-D,(
I-D,3.6m
I-D,ETW
I-D,)
B-E,@
B-P,1.29
I-P,g/t
B-M,Au
B-E,and
B-P,19
I-P,g/t
B-M,Ag
B-E,from
B-D,107.6m
B-E,including
B-D,0.5m
I-D,(
I-D,0.4m
I-D,ETW
I-D,)
B-E,@
B-P,4.59
I-P,g/t
B-M,Au
B-E,and
B-P,42
I-P,g/t
B-M,Ag
B-E,from
B-D,107.6m
B-E,•
B-H,KVDD006
B-E,:
B-D,17.0m
O,of
O,quartz
O,breccia
O,zones
O,from
O,226m
O,-
O,sampling
O,underway.
O,The
O,Krakauer
O,vein
O,structure
O,is
O,hosted
O,in
O,silicified
O,and
O,potassic
O,altered
O,rhyolites
O,and
O,andesites.
O,The
O,vein
O,strikes
O,ENE-WSW
O,and
O,dips
O,to
O,SSE
O,at
O,approximately
O,70
O,°
O,near
O,surface
O,","
O,flattening
O,to
O,45o
O,at
O,depth
O,(
O,see
O,figures
O,below
O,)
O,.
O,Classic
O,banded
O,epithermal
O,vein
O,float
O,","
O,carrying
O,visible
O,silver
O,(
O,acantite
O,)
O,and
O,gold
O,is
O,observed
O,at
O,surface
O,","
O,over
O,a
O,strike
O,extent
O,of
O,450
O,metres.
O,Old
O,workings
O,","
O,mostly
O,shallow
O,diggings
O,","
O,can
O,be
O,traced
O,for
O,600
O,metres
O,along
O,the
O,strike.
O,Plan
O,view
O,of
O,Krakauer
O,gold
O,silver
O,vein
O,structure
O,","
O,which
O,had
O,never
O,before
O,been
O,drill-tested.
O,Shown
O,are
O,observed
O,vein
O,strike
O,(
O,thick
O,red
O,line
O,)
O,and
O,completed
O,drillholes
O,(
O,black
O,traces
O,)
O,.
O,North
O,is
O,towards
O,the
O,top
O,of
O,the
O,page.
O,1
O,ETW
O,=
O,Estimated
O,True
O,Width
O,Level
O,2
O,","
O,66
O,Hunter
O,Street
O,","
O,Sydney
O,NSW
O,2000
O,Australia
O,T
O,:
O,+61
O,2
O,9300
O,3333
O,F
O,:
O,+61
O,2
O,9221
O,6333
O,E
O,:
O,info@prospech.com.au
O,Mineralisation
O,is
O,typical
O,of
O,low-sulfidation
O,epithermal
O,","
O,banded
O,veins
O,(
O,ginguro
O,)
O,.
O,Early
O,bands
O,consist
O,of
O,milky-white
O,quartz
O,and
O,later
O,black
O,bands
O,carry
O,abundant
O,acantite
O,and
O,native
O,gold
O,","
O,+/-
O,pyrite.
O,The
O,vein
O,was
O,most
O,likely
O,subject
O,of
O,limited
O,","
O,historical
O,mining
O,at
O,shallow
O,depths.
O,The
O,central
O,part
O,of
O,the
O,vein
O,consists
O,of
O,lower
O,temperature
O,quartz
O,to
O,chalcedony
O,and
O,this
O,material
O,can
O,be
O,commonly
O,found
O,in
O,the
O,float.
O,Krakauer
O,is
O,considered
O,to
O,be
O,an
O,almost
O,a
O,fully
O,preserved
O,epithermal
O,system
O,with
O,excellent
O,depth
O,potential.
O,Prospech
O,Managing
O,Director
O,Jason
O,Beckton
O,comments
O,:
O,“
O,The
O,Krakauer
O,drilling
O,results
O,are
O,confirmation
O,of
O,a
O,brecciated
O,vein
O,trending
O,northeast.
O,Follow-up
O,drilling
O,after
O,review
O,of
O,all
O,phase
O,one
O,drill
O,results
O,(
B-H,KVDD001
O,to
O,006
O,)
O,is
O,warranted.
O,There
O,is
O,evidence
O,for
O,a
O,higher
O,grade
O,shoot
O,within
O,the
O,vein
O,structure
O,","
O,with
O,previous
O,rock
O,chip
O,sampling
O,assays
O,up
O,to
O,283
O,g/t
O,Au
O,and
O,1
O,","
B-P,700
I-P,g/t
B-M,Ag
O,and
O,increasing
O,grade-thickness
O,to
O,the
O,east.
O,Additional
O,drill-sites
O,at
O,Prospech
O,’
O,s
O,Anton
O,gold
O,silver
O,prospect
O,within
O,Hodrusa
O,project
O,are
O,being
O,drilled
O,by
O,a
O,second
O,rig
O,which
O,commenced
O,operations
O,in
O,early
O,September.
O,An
O,Induced
O,Polarisation
O,(
O,IP
O,)
O,and
O,Magneto
O,Telluric
O,(
O,MT
O,)
O,geophysical
O,program
O,has
O,for
O,the
O,first
O,time
O,commenced
O,testing
O,the
O,Hodrusa
O,caldera.
O,The
O,main
O,target
O,for
O,the
O,IP
O,is
O,the
O,‘
O,LANF
O,’
O,-
O,Low
O,Angle
O,Normal
O,Fault
O,","
O,up-dip
O,from
O,modern
O,production
O,at
O,the
O,Rozalia
O,Mine
O,on
O,a
O,third-party
O,concession.
O,”
O,2
O,3
O,For
O,further
O,information
O,","
O,please
O,contact
O,:
O,Jason
O,Beckton
O,Managing
O,Director
O,This
O,announcement
O,has
O,been
O,approved
O,by
O,the
O,Managing
O,Director
O,","
O,Jason
O,Beckton.
O,Prospech
O,Limited
O,+61
O,(
O,0
O,)
O,438
O,888
O,612
O,Competent
O,Person
O,’
O,s
O,Statement
O,The
O,information
O,in
O,this
O,Report
O,that
O,relates
O,to
O,Exploration
O,Results
O,","
O,Exploration
O,Targets
O,and
O,Mineral
O,Resources
O,is
O,based
O,on
O,information
O,compiled
O,by
O,Mr
O,Jason
O,Beckton
O,","
O,who
O,is
O,a
O,Member
O,of
O,the
O,Australian
O,Institute
O,of
O,Geoscientists.
O,Mr
O,Beckton
O,","
O,who
O,is
O,Managing
O,Director
O,of
O,the
O,Company
O,","
O,has
O,sufficient
O,experience
O,which
O,is
O,relevant
O,to
O,the
O,style
O,of
O,mineralisation
O,and
O,type
O,of
O,deposit
O,under
O,consideration
O,and
O,to
O,the
O,activity
O,which
O,he
O,is
O,undertaking
O,to
O,qualify
O,as
O,a
O,Competent
O,Person
O,as
O,defined
O,in
O,the
O,2012
O,edition
O,of
O,the
O,‘
O,Australasian
O,Code
O,for
O,Reporting
O,of
O,Exploration
O,Results
O,","
O,Mineral
O,Resources
O,and
O,Ore
O,Reserves
O,’
O,.
O,Mr
O,Beckton
O,consents
O,to
O,the
O,inclusion
O,in
O,this
O,Report
O,of
O,the
O,matters
O,based
O,on
O,the
O,information
O,in
O,the
O,form
O,and
O,context
O,in
O,which
O,it
O,appears.
O,pjn10984
O,4
O,JORC
O,Code
O,","
O,2012
O,Edition
O,–
O,Table
O,1
O,Krakauer
O,","
O,Nova
O,Bana
O,Section
O,1
O,Sampling
O,Techniques
O,and
O,Data
O,Criteria
O,JORC
O,Code
O,explanation
O,Commentary
O,Sampling
O,•
O,Nature
O,and
O,quality
O,of
O,sampling
O,(
O,eg
O,cut
O,•
O,Rock
O,chip
O,grab
O,samples
O,were
O,collected
O,from
O,outcrops
O,","
O,techniques
O,channels
O,","
O,random
O,chips
O,","
O,or
O,specific
O,specialised
O,spoil
O,heaps
O,and
O,accessible
O,surface
O,and
O,underground
O,industry
O,standard
O,measurement
O,tools
O,workings
O,of
O,quartz
O,veins
O,","
O,and
O,zones
O,of
O,silicification
O,","
O,appropriate
O,to
O,the
O,minerals
O,under
O,investigation
O,","
O,within
O,Neogene
O,volcanics
O,under
O,the
O,supervision
O,of
O,a
O,such
O,as
O,down
O,hole
O,gamma
O,sondes
O,","
O,or
O,qualified
O,geologist.
O,handheld
O,XRF
O,instruments
O,","
O,etc
O,)
O,.
O,These
O,•
O,Sample
O,locations
O,were
O,surveyed
O,with
O,a
O,handheld
O,GPS
O,examples
O,should
O,not
O,be
O,taken
O,as
O,limiting
O,the
O,and
O,marked
O,into
O,sample
O,books.
O,Collar
O,locations
O,of
O,broad
O,meaning
O,of
O,sampling.
O,drillholes
O,•
O,Include
O,reference
O,to
O,measures
O,taken
O,to
O,ensure
O,sample
O,representivity
O,and
O,the
O,appropriate
O,calibration
O,of
O,any
O,measurement
O,tools
O,or
O,systems
O,used.
O,•
O,Aspects
O,of
O,the
O,determination
O,of
O,mineralisation
O,that
O,are
O,Material
O,to
O,the
O,Public
O,Report.
O,•
O,In
O,cases
O,where
O,‘
O,industry
O,standard
O,’
O,work
O,has
O,been
O,done
O,this
O,would
O,be
O,relatively
O,simple
O,(
O,eg
O,‘
O,reverse
O,circulation
O,drilling
O,was
O,used
O,to
O,obtain
O,1
O,m
O,samples
O,from
O,which
O,3
O,kg
O,was
O,pulverised
O,to
O,produce
O,a
O,30
O,g
O,charge
O,for
O,fire
O,assay
O,’
O,)
O,.
O,In
O,other
O,cases
O,more
O,explanation
O,may
O,be
O,required
O,","
O,such
O,as
O,where
O,there
O,is
O,coarse
O,gold
O,that
O,has
O,inherent
O,sampling
O,problems.
O,Unusual
O,commodities
O,or
O,mineralisation
O,types
O,(
O,eg
O,submarine
O,nodules
O,)
O,may
O,warrant
O,disclosure
O,of
O,detailed
O,information.
O,Drilling
O,•
O,Drill
O,type
O,(
O,eg
O,core
O,","
O,reverse
O,circulation
O,","
O,open-
O,•
O,Diamond
O,drilling
O,HQ3
O,and
O,NQ3
O,size
O,triple
O,tube.
O,techniques
O,hole
O,hammer
O,","
O,rotary
O,air
O,blast
O,","
O,auger
O,","
O,Bangka
O,","
O,sonic
O,","
O,etc
O,)
O,and
O,details
O,(
O,eg
O,core
O,diameter
O,","
O,triple
O,or
O,standard
O,tube
O,","
O,depth
O,of
O,diamond
O,tails
O,","
O,face-
O,sampling
O,bit
O,or
O,other
O,type
O,","
O,whether
O,core
O,is
O,oriented
O,and
O,if
O,so
O,","
O,by
O,what
O,method
O,","
O,etc
O,)
O,.
O,Drill
O,sample
O,•
O,Method
O,of
O,recording
O,and
O,assessing
O,core
O,and
O,•
O,Core
O,is
O,measure
O,in
O,the
O,triple
O,tube
O,split
O,before
O,laying
O,in
O,recovery
O,chip
O,sample
O,recoveries
O,and
O,results
O,assessed.
O,the
O,core
O,boxes
O,to
O,ensure
O,minimum
O,disturbance
O,and
O,•
O,Measures
O,taken
O,to
O,maximise
O,sample
O,recovery
O,most
O,accurate
O,calculation
O,of
O,core
O,recoveries.
O,and
O,ensure
O,representative
O,nature
O,of
O,the
O,•
O,Overall
O,core
O,recoveries
O,have
O,been
O,very
O,high
O,at
O,98%.
O,samples.
O,•
O,Any
O,relationship
O,between
O,core
O,recovery
O,and
O,grade
O,•
O,Whether
O,a
O,relationship
O,exists
O,between
O,sample
O,cannot
O,be
O,determined
O,at
O,this
O,time
O,","
O,but
O,due
O,to
O,the
O,high
O,recovery
O,and
O,grade
O,and
O,whether
O,sample
O,bias
O,core
O,recovery
O,","
O,bias
O,is
O,considered
O,very
O,unlikely.
O,may
O,have
O,occurred
O,due
O,to
O,preferential
O,loss/gain
O,of
O,fine/coarse
O,material.
O,Logging
O,•
O,Whether
O,core
O,and
O,chip
O,samples
O,have
O,been
O,•
O,The
O,complete
O,core
O,is
O,logged
O,in
O,detail
O,by
O,qualified
O,geologically
O,and
O,geotechnically
O,logged
O,to
O,a
O,geologists.
O,Core
O,is
O,photographed
O,wet
O,and
O,dry.
O,All
O,core
O,level
O,of
O,detail
O,to
O,support
O,appropriate
O,Mineral
O,is
O,oriented.
O,Detail
O,structural
O,measurements
O,are
O,Resource
O,estimation
O,","
O,mining
O,studies
O,and
O,collected.
O,Core
O,logging
O,is
O,a
O,combination
O,of
O,qualitative
O,metallurgical
O,studies.
O,and
O,quantitative
O,information.
O,•
O,Whether
O,logging
O,is
O,qualitative
O,or
O,quantitative
O,in
O,nature.
O,Core
O,(
O,or
O,costean
O,","
O,channel
O,","
O,etc
O,)
O,photography.
O,•
O,The
O,total
O,length
O,and
O,percentage
O,of
O,the
O,relevant
O,intersections
O,logged.
O,Sub-sampling
O,•
O,If
O,core
O,","
O,whether
O,cut
O,or
O,sawn
O,and
O,whether
O,•
O,Approximately
O,1
O,to
O,2
O,Kg
O,of
O,material
O,from
O,each
O,rock
O,chip
O,techniques
O,and
O,quarter
O,","
O,half
O,or
O,all
O,core
O,taken.
O,was
O,sent
O,to
O,the
O,laboratory
O,for
O,analysis.
O,sample
O,•
O,If
O,non-core
O,","
O,whether
O,riffled
O,","
O,tube
O,sampled
O,","
O,•
O,All
O,sampling
O,done
O,under
O,supervision
O,of
O,a
O,qualified
O,preparation
O,rotary
O,split
O,","
O,etc
O,and
O,whether
O,sampled
O,wet
O,or
O,geologist.
O,dry.
O,•
O,Core
O,is
O,manually
O,split
O,in
O,to
O,2
O,equal
O,halves
O,using
O,a
O,•
O,For
O,all
O,sample
O,types
O,","
O,the
O,nature
O,","
O,quality
O,and
O,diamond
O,saw.
O,The
O,core
O,is
O,split
O,along
O,the
O,core
O,appropriateness
O,of
O,the
O,sample
O,preparation
O,orientation
O,reference
O,line
O,","
O,where
O,available.
O,technique.
O,•
O,Half-core
O,is
O,considered
O,to
O,be
O,a
O,high-quality
O,and
O,very
O,•
O,Quality
O,control
O,procedures
O,adopted
O,for
O,all
O,sub-
O,representative
O,method
O,of
O,sampling.
O,sampling
O,stages
O,to
O,maximise
O,representivity
O,of
O,samples.
O,•
O,Measures
O,taken
O,to
O,ensure
O,that
O,the
O,sampling
O,is
O,representative
O,of
O,the
O,in
O,situ
O,material
O,collected
O,","
O,including
O,for
O,instance
O,results
O,for
O,field
O,duplicate/second-half
O,sampling.
O,•
O,Whether
O,sample
O,sizes
O,are
O,appropriate
O,to
O,the
O,grain
O,size
O,of
O,the
O,material
O,being
O,sampled.
O,Quality
O,of
O,assay
O,•
O,The
O,nature
O,","
O,quality
O,and
O,appropriateness
O,of
O,the
O,•
O,Samples
O,are
O,stored
O,in
O,a
O,secure
O,location
O,in
O,the
O,data
O,and
O,assaying
O,and
O,laboratory
O,procedures
O,used
O,and
O,Company
O,’
O,s
O,storage
O,facilities
O,and
O,transported
O,to
O,the
O,ALS
O,laboratory
O,tests
O,whether
O,the
O,technique
O,is
O,considered
O,partial
O,or
O,laboratory
O,in
O,Romania
O,for
O,sample
O,preparation
O,of
O,fine
O,total.
O,crush
O,","
O,riffle
O,split
O,and
O,pulverizing
O,of
O,1kg
O,to
O,85%
O,<
O,75
O,μ
O,m.
O,•
O,For
O,geophysical
O,tools
O,","
O,spectrometers
O,","
O,handheld
O,•
O,Pulps
O,are
O,analysed
O,by
O,ALS
O,Romania
O,using
O,method
O,5
O,Criteria
O,JORC
O,Code
O,explanation
O,Commentary
O,XRF
O,instruments
O,","
O,etc
O,","
O,the
O,parameters
O,used
O,in
O,code
O,ME-ICP61
O,","
O,a
O,33
O,element
O,determination
O,using
O,a
O,determining
O,the
O,analysis
O,including
O,instrument
O,four
O,acid
O,digestion
O,and
O,30
O,gram
O,charge
O,fire
O,assay
O,with
O,make
O,and
O,model
O,","
O,reading
O,times
O,","
O,calibrations
O,AA
O,finish
O,(
O,Au-AA25
O,)
O,for
O,gold.
O,Ore
O,grades
O,are
O,analysed
O,factors
O,applied
O,and
O,their
O,derivation
O,","
O,etc.
O,by
O,OG62
O,–
O,4
O,acid
O,digestion
O,method
O,for
O,each
O,element
O,•
O,Nature
O,of
O,quality
O,control
O,procedures
O,adopted
O,when
O,identified.
O,(
O,eg
O,standards
O,","
O,blanks
O,","
O,duplicates
O,","
O,external
O,laboratory
O,checks
O,)
O,and
O,whether
O,acceptable
O,levels
O,of
O,accuracy
O,(
O,ie
O,lack
O,of
O,bias
O,)
O,and
O,precision
O,have
O,been
O,established.
O,Verification
O,of
O,•
O,The
O,verification
O,of
O,significant
O,intersections
O,by
O,•
O,Laboratory
O,provides
O,assay
O,certificates
O,","
O,which
O,are
O,stored
O,sampling
O,and
O,either
O,independent
O,or
O,alternative
O,company
O,electronically
O,both
O,in
O,ALS
O,and
O,Company
O,’
O,s
O,servers.
O,assaying
O,personnel.
O,•
O,Laboratory
O,CSV
O,files
O,are
O,merged
O,with
O,GPS
O,Location
O,•
O,The
O,use
O,of
O,twinned
O,holes.
O,data
O,files
O,using
O,unique
O,sample
O,numbers
O,as
O,the
O,key.
O,•
O,Documentation
O,of
O,primary
O,data
O,","
O,data
O,entry
O,•
O,No
O,adjustments
O,made
O,to
O,assay
O,data.
O,procedures
O,","
O,data
O,verification
O,","
O,data
O,storage
O,(
O,physical
O,and
O,electronic
O,)
O,protocols.
O,•
O,Discuss
O,any
O,adjustment
O,to
O,assay
O,data.
O,Location
O,of
O,data
O,•
O,Accuracy
O,and
O,quality
O,of
O,surveys
O,used
O,to
O,locate
O,•
O,Rock
O,chip
O,samples
O,are
O,located
O,using
O,handheld
O,GPS
O,points
O,drill
O,holes
O,(
O,collar
O,and
O,down-hole
O,surveys
O,)
O,","
O,receivers
O,with
O,accuracy
O,from
O,10-5m.
O,trenches
O,","
O,mine
O,workings
O,and
O,other
O,locations
O,•
O,UTM
O,projection
O,WGS84
O,Zone
O,34N
O,and
O,local
O,grid
O,used
O,in
O,Mineral
O,Resource
O,estimation.
O,SJTSK03.
O,Conversion
O,between
O,local
O,and
O,UTM
O,grid
O,is
O,•
O,Specification
O,of
O,the
O,grid
O,system
O,used.
O,run
O,through
O,national
O,certified
O,web
O,portal.
O,•
O,Quality
O,and
O,adequacy
O,of
O,topographic
O,control.
O,•
O,The
O,topographic
O,control
O,","
O,using
O,handheld
O,GPS
O,","
O,was
O,adequate
O,for
O,the
O,survey.
O,•
O,Drill
O,collars
O,are
O,surveyed
O,using
O,a
O,differential
O,GPS
O,or
O,by
O,triangulation
O,depending
O,on
O,the
O,tree
O,cover
O,and
O,other
O,environmental
O,factors.
O,•
O,Downhole
O,surveys
O,are
O,taken
O,at
O,nominal
O,50m
O,intervals
O,down
O,the
O,hole.
O,Excessive
O,deviation
O,is
O,not
O,generally
O,a
O,problem
O,in
O,this
O,field
O,and
O,this
O,interval
O,is
O,considered
O,sufficient.
O,Downhole
O,azimuth
O,readings
O,at
O,magnetic
O,and
O,converted
O,to
O,Grid
O,by
O,adding
O,6.6
O,degrees.
O,Data
O,spacing
O,and
O,•
O,Data
O,spacing
O,for
O,reporting
O,of
O,Exploration
O,•
O,It
O,is
O,not
O,yet
O,determined
O,whether
O,the
O,results
O,from
O,this
O,distribution
O,Results.
O,drilling
O,will
O,be
O,used
O,in
O,a
O,mineral
O,resource
O,estimate.
O,•
O,Whether
O,the
O,data
O,spacing
O,and
O,distribution
O,is
O,sufficient
O,to
O,establish
O,the
O,degree
O,of
O,geological
O,and
O,grade
O,continuity
O,appropriate
O,for
O,the
O,Mineral
O,Resource
O,and
O,Ore
O,Reserve
O,estimation
O,procedure
O,(
O,s
O,)
O,and
O,classifications
O,applied.
O,•
O,Whether
O,sample
O,compositing
O,has
O,been
O,applied.
O,Orientation
O,of
O,•
O,Whether
O,the
O,orientation
O,of
O,sampling
O,achieves
O,•
O,No
O,bias
O,is
O,believed
O,to
O,be
O,introduced
O,by
O,the
O,sampling
O,data
O,in
O,relation
O,to
O,unbiased
O,sampling
O,of
O,possible
O,structures
O,and
O,method.
O,geological
O,the
O,extent
O,to
O,which
O,this
O,is
O,known
O,","
O,considering
O,•
O,Drilling
O,is
O,designed
O,to
O,intersect
O,the
O,target
O,structure
O,as
O,structure
O,the
O,deposit
O,type.
O,close
O,to
O,normal
O,as
O,is
O,possible
O,given
O,the
O,constraints
O,of
O,•
O,If
O,the
O,relationship
O,between
O,the
O,drilling
O,topography
O,and
O,access.
O,In
O,this
O,program
O,no
O,holes
O,were
O,orientation
O,and
O,the
O,orientation
O,of
O,key
O,drilled
O,at
O,acute
O,angles
O,to
O,the
O,target
O,structure.
O,mineralised
O,structures
O,is
O,considered
O,to
O,have
O,introduced
O,a
O,sampling
O,bias
O,","
O,this
O,should
O,be
O,assessed
O,and
O,reported
O,if
O,material.
O,Sample
O,security
O,•
O,The
O,measures
O,taken
O,to
O,ensure
O,sample
O,security.
O,•
O,Samples
O,were
O,delivered
O,to
O,ALS
O,Minerals
O,laboratory
O,in
O,Romania
O,by
O,Prospech
O,trusted
O,contractor
O,and
O,were
O,not
O,left
O,unattended
O,at
O,any
O,time.
O,There
O,were
O,no
O,incident
O,reports
O,from
O,ALS
O,lab
O,on
O,sample
O,receiver
O,cell.
O,Audits
O,or
O,reviews
O,•
O,The
O,results
O,of
O,any
O,audits
O,or
O,reviews
O,of
O,•
O,No
O,audits
O,or
O,reviews
O,of
O,the
O,data
O,management
O,system
O,sampling
O,techniques
O,and
O,data.
O,have
O,been
O,carried
O,out.
O,Section
O,2
O,Reporting
O,of
O,Exploration
O,Results
O,Criteria
O,JORC
O,Code
O,explanation
O,Commentary
O,Mineral
O,tenement
O,•
O,Type
O,","
O,reference
O,name/number
O,","
O,location
O,and
O,•
O,Prospech
O,Limited
O,","
O,through
O,subsidiaries
O,and
O,contractual
O,and
O,land
O,tenure
O,ownership
O,including
O,agreements
O,or
O,material
O,rights
O,","
O,holds
O,100%
O,rights
O,on
O,the
O,Hodrusa-Hamre
O,-
O,status
O,issues
O,with
O,third
O,parties
O,such
O,as
O,joint
O,ventures
O,","
O,Banska
O,Stiavnica
O,","
O,Nova
O,Bana
O,","
O,Rudno
O,","
O,Pukanec
O,and
O,partnerships
O,","
O,overriding
O,royalties
O,","
O,native
O,title
O,Jasenie
O,tenements.
O,interests
O,","
O,historical
O,sites
O,","
O,wilderness
O,or
O,national
O,•
O,The
O,laws
O,of
O,Slovakia
O,relating
O,to
O,exploration
O,and
O,mining
O,park
O,and
O,environmental
O,settings.
O,have
O,various
O,requirements.
O,As
O,the
O,exploration
O,advances
O,•
O,The
O,security
O,of
O,the
O,tenure
O,held
O,at
O,the
O,time
O,of
O,specific
O,filings
O,and
O,environmental
O,or
O,other
O,studies
O,may
O,reporting
O,along
O,with
O,any
O,known
O,impediments
O,to
O,be
O,required.
O,There
O,are
O,ongoing
O,requirements
O,under
O,obtaining
O,a
O,license
O,to
O,operate
O,in
O,the
O,area.
O,Slovakian
O,mining
O,laws
O,that
O,will
O,be
O,required
O,at
O,each
O,stage
O,of
O,advancement.
O,Those
O,filings
O,and
O,studies
O,are
O,maintained
O,and
O,updated
O,as
O,required
O,by
O,Prospech
O,’
O,s
O,environmental
O,and
O,permit
O,advisors
O,specifically
O,engaged
O,for
O,such
O,purposes.
O,•
O,The
O,Company
O,is
O,the
O,manager
O,of
O,operations
O,in
O,accordance
O,with
O,generally
O,accepted
O,mining
O,industry
O,6
O,Criteria
O,JORC
O,Code
O,explanation
O,Commentary
O,standards
O,and
O,practices.
O,Exploration
O,done
O,•
O,Acknowledgment
O,and
O,appraisal
O,of
O,exploration
O,•
O,Anciently
O,","
O,the
O,target
O,was
O,silver
O,","
O,the
O,currency
O,of
O,the
O,day
O,","
O,by
O,other
O,parties
O,by
O,other
O,parties.
O,and
O,more
O,recently
O,","
O,during
O,the
O,Communist
O,era
O,","
O,the
O,targets
O,were
O,industrial
O,base
O,metals
O,","
O,copper
O,","
O,lead
O,","
O,zinc
O,and
O,others.
O,As
O,a
O,result
O,","
O,much
O,of
O,the
O,country
O,","
O,including
O,the
O,Company
O,’
O,s
O,exploration
O,license
O,areas
O,","
O,has
O,not
O,been
O,subject
O,to
O,modern
O,western
O,exploration
O,methodology
O,or
O,exploitation.
O,•
O,Slovakia
O,has
O,a
O,known
O,mining
O,history
O,dating
O,to
O,Celtic
O,times
O,and
O,earlier.
O,Tools
O,used
O,by
O,prehistoric
O,miners
O,at
O,Spania
O,Dolina
O,","
O,near
O,Banska
O,Bystrica
O,are
O,dated
O,as
O,early
O,as
O,2000-1700
O,BC.
O,Major
O,production
O,of
O,metals
O,(
O,primarily
O,copper
O,and
O,silver
O,)
O,occurred
O,during
O,the
O,medieval
O,period.
O,The
O,second
O,oldest
O,mining
O,institute
O,in
O,the
O,world
O,is
O,located
O,at
O,Banska
O,Stiavnica
O,and
O,the
O,local
O,population
O,is
O,proud
O,of
O,their
O,mining
O,heritage
O,","
O,holding
O,a
O,three
O,day
O,mining
O,festival
O,every
O,year.
O,The
O,mint
O,at
O,nearby
O,Kremnica
O,has
O,operated
O,for
O,over
O,six
O,hundred
O,years
O,and
O,continues
O,to
O,operate
O,today.
O,•
O,Communist
O,era
O,base
O,metal
O,and
O,coal
O,production
O,was
O,substantial
O,and
O,smelting
O,of
O,aluminium
O,and
O,nickel
O,(
O,material
O,imported
O,from
O,Hungary
O,and
O,Albania
O,)
O,was
O,carried
O,out.
O,Coal
O,","
O,gold
O,","
O,silver
O,","
O,talc
O,","
O,anhydrite
O,and
O,magnesite
O,(
O,and
O,limestone
O,","
O,dolomite
O,and
O,gravel
O,)
O,","
O,bentonite
O,","
O,zeolite
O,and
O,industrial
O,minerals
O,are
O,being
O,mined
O,in
O,Slovakia
O,today.
O,An
O,underground
O,gold
O,mine
O,on
O,a
O,third
O,party
O,mining
O,lease
O,enclosed
O,within
O,the
O,HHBS
O,exploration
O,license
O,","
O,the
O,Rozalia
O,Mine
O,","
O,continues
O,in
O,operation
O,today
O,","
O,trucking
O,a
O,gravity/flotation
O,concentrate
O,to
O,a
O,smelter
O,in
O,Belgium.
O,•
O,Communist
O,era
O,gold
O,assays
O,used
O,in
O,Government
O,and
O,private
O,exploration
O,programs
O,have
O,been
O,proven
O,to
O,be
O,unreliable
O,and
O,this
O,must
O,be
O,taken
O,into
O,account
O,when
O,interpreting
O,reports
O,from
O,the
O,Communist
O,era.
O,•
O,Prospech
O,holds
O,100%
O,of
O,two
O,exploration
O,licences
O,covering
O,approximately
O,115
O,square
O,kilometres
O,in
O,the
O,Hodrusa-Hamre/Banska
O,Stiavnica
O,mining
O,district
O,and
O,the
O,nearby
O,Nova
O,Bana
O,goldfield
O,where
O,more
O,than
O,1
O,","
O,000
O,years
O,of
O,historical
O,production
O,is
O,estimated
O,to
O,have
O,totalled
O,2.4
O,million
O,ounces
O,of
O,gold
O,","
O,120
O,million
O,ounces
O,of
O,silver
O,","
O,70
O,","
O,000
O,tonnes
O,of
O,zinc
O,","
O,55
O,","
O,000
O,tonnes
O,of
O,lead
O,and
O,8
O,","
O,000
O,tonnes
O,of
O,copper.
O,•
O,The
O,Hodrusa-Hamre/Banska
O,Stiavnica
O,mining
O,district
O,and
O,the
O,Nova
O,Bana
O,goldfield
O,are
O,located
O,approximately
O,180
O,kilometres
O,east
O,of
O,Bratislava
O,in
O,Slovakia
O,","
O,a
O,country
O,member
O,of
O,the
O,European
O,Union
O,and
O,Eurozone.
O,Geology
O,•
O,Deposit
O,type
O,","
O,geological
O,setting
O,and
O,style
O,of
O,•
O,Located
O,on
O,the
O,western
O,flanks
O,of
O,the
O,Stiavnica
O,Strato
O,mineralisation.
O,Volcano
O,within
O,the
O,Central
O,Slovakian
O,Volcanic
O,Belt
O,","
O,the
O,Nova
O,Bana
O,Exploration
O,Licence
O,covers
O,quartz
O,veins
O,with
O,classically
O,banded
O,","
O,low-sulphidation
O,epithermal
O,textures
O,with
O,sulphidic
O,“
O,ginguro
O,”
O,zones
O,","
O,which
O,are
O,commonly
O,associated
O,with
O,high
O,grades
O,of
O,precious
O,metals.
O,Native
O,gold
O,and
O,silver-sulphide
O,minerals
O,were
O,observed
O,in
O,the
O,hand
O,specimens.
O,Drill
O,hole
O,•
O,A
O,summary
O,of
O,all
O,information
O,material
O,to
O,the
O,•
O,Krakauer
O,drillholes
O,KVDD001
O,to
O,006.
O,Information
O,understanding
O,of
O,the
O,exploration
O,results
O,Collar
O,Information
O,-
O,UTM
O,Zone
O,34N
O,including
O,a
O,tabulation
O,of
O,the
O,following
O,information
O,for
O,all
O,Material
O,drill
O,holes
O,:
O,hole_id
O,grid_east
O,grid_north
O,elevation
O,dip
O,max_depth
O,o
O,easting
O,and
O,northing
O,of
O,the
O,drill
O,hole
O,collar
O,KVDD001
O,325181
O,5364839
O,288.175
O,-44.7
O,200
O,o
O,elevation
O,or
O,RL
O,(
O,Reduced
O,Level
O,–
O,elevation
O,KVDD002
O,325181
O,5364839
O,288.175
O,-60
O,208.8
O,above
O,sea
O,level
O,in
O,metres
O,)
O,of
O,the
O,drill
O,hole
O,KVDD003
O,325146.2
O,5364839
O,294.554
O,-45
O,150.1
O,collar
O,KVDD004
O,325146.2
O,5364839
O,294.554
O,-60
O,160.9
O,o
O,dip
O,and
O,azimuth
O,of
O,the
O,hole
O,o
O,down
O,hole
O,length
O,and
O,interception
O,depth
O,KVDD005
O,325146.2
O,5364839
O,294.554
O,-45
O,129.6
O,o
O,hole
O,length.
O,KVDD006
O,325181
O,5364839
O,288.175
O,-90
O,241.6
O,•
O,If
O,the
O,exclusion
O,of
O,this
O,information
O,is
O,justified
O,on
O,the
O,basis
O,that
O,the
O,information
O,is
O,not
O,Material
O,and
O,this
O,exclusion
O,does
O,not
O,detract
O,from
O,the
O,understanding
O,of
O,the
O,report
O,","
O,the
O,Competent
O,Person
O,should
O,clearly
O,explain
O,why
O,this
O,is
O,the
O,case.
O,7
O,Criteria
O,JORC
O,Code
O,explanation
O,Commentary
O,Survey
O,Information
O,Data
O,aggregation
O,•
O,In
O,reporting
O,Exploration
O,Results
O,","
O,weighting
O,•
O,Weighted
O,averages
O,are
O,applied
O,with
O,mineralised
O,methods
O,averaging
O,techniques
O,","
O,maximum
O,and/or
O,intercepts.
O,minimum
O,grade
O,truncations
O,(
O,eg
O,cutting
O,of
O,high
O,grades
O,)
O,and
O,cut-off
O,grades
O,are
O,usually
O,Material
O,and
O,should
O,be
O,stated.
O,•
O,Where
O,aggregate
O,intercepts
O,incorporate
O,short
O,lengths
O,of
O,high
O,grade
O,results
O,and
O,longer
O,lengths
O,of
O,low
O,grade
O,results
O,","
O,the
O,procedure
O,used
O,for
O,such
O,aggregation
O,should
O,be
O,stated
O,and
O,some
O,typical
O,examples
O,of
O,such
O,aggregations
O,should
O,be
O,shown
O,in
O,detail.
O,•
O,The
O,assumptions
O,used
O,for
O,any
O,reporting
O,of
O,metal
O,equivalent
O,values
O,should
O,be
O,clearly
O,stated.
O,Relationship
O,•
O,These
O,relationships
O,are
O,particularly
O,important
O,in
O,•
O,Mineralisation
O,is
O,epithermal
O,vein
O,related.
O,between
O,the
O,reporting
O,of
O,Exploration
O,Results.
O,•
O,The
O,vein
O,strikes
O,ENE-WSW
O,and
O,dips
O,to
O,SSE
O,at
O,mineralisation
O,•
O,If
O,the
O,geometry
O,of
O,the
O,mineralisation
O,with
O,approximately
O,70
O,°
O,near
O,surface
O,","
O,flattening
O,to
O,45o
O,at
O,widths
O,and
O,respect
O,to
O,the
O,drill
O,hole
O,angle
O,is
O,known
O,","
O,its
O,depth
O,intercept
O,lengths
O,nature
O,should
O,be
O,reported.
O,•
O,Estimated
O,true
O,widths
O,of
O,mineralised
O,intercepts
O,are
O,•
O,If
O,it
O,is
O,not
O,known
O,and
O,only
O,the
O,down
O,hole
O,reported
O,based
O,angle
O,of
O,the
O,drill
O,holes
O,and
O,the
O,lengths
O,are
O,reported
O,","
O,there
O,should
O,be
O,a
O,clear
O,interpretation
O,of
O,the
O,vein
O,structure
O,orientation
O,which
O,is
O,statement
O,to
O,this
O,effect
O,(
O,eg
O,‘
O,down
O,hole
O,length
O,","
O,based
O,on
O,surface
O,observations
O,","
O,core
O,orientation
O,true
O,width
O,not
O,known
O,’
O,)
O,.
O,measurements
O,and
O,the
O,gross
O,geometric
O,distribution
O,of
O,the
O,mineralisation.
O,Diagrams
O,•
O,Appropriate
O,maps
O,and
O,sections
O,(
O,with
O,scales
O,)
O,•
O,The
O,location
O,and
O,results
O,received
O,for
O,both
O,rock
O,chip
O,and
O,and
O,tabulations
O,of
O,intercepts
O,should
O,be
O,drill-core
O,samples
O,are
O,displayed
O,in
O,the
O,attached
O,maps
O,included
O,for
O,any
O,significant
O,discovery
O,being
O,and/or
O,tables.
O,Coordinates
O,are
O,UTM
O,Zone
O,34N.
O,reported
O,These
O,should
O,include
O,","
O,but
O,not
O,be
O,limited
O,to
O,a
O,plan
O,view
O,of
O,drill
O,hole
O,collar
O,locations
O,and
O,appropriate
O,sectional
O,views.
O,Balanced
O,•
O,Where
O,comprehensive
O,reporting
O,of
O,all
O,•
O,Results
O,for
O,all
O,samples
O,collected
O,in
O,this
O,program
O,are
O,reporting
O,Exploration
O,Results
O,is
O,not
O,practicable
O,","
O,displayed
O,on
O,the
O,attached
O,maps
O,and/or
O,tables.
O,representative
O,reporting
O,of
O,both
O,low
O,and
O,high
O,grades
O,and/or
O,widths
O,should
O,be
O,practiced
O,to
O,8
O,Criteria
O,JORC
O,Code
O,explanation
O,Commentary
O,avoid
O,misleading
O,reporting
O,of
O,Exploration
O,Results.
O,Other
O,substantive
O,•
O,Other
O,exploration
O,data
O,","
O,if
O,meaningful
O,and
O,•
O,No
O,metallurgical
O,or
O,bulk
O,density
O,tests
O,were
O,conducted
O,at
O,exploration
O,data
O,material
O,","
O,should
O,be
O,reported
O,including
O,(
O,but
O,not
O,the
O,project
O,by
O,Prospech.
O,limited
O,to
O,)
O,:
O,geological
O,observations
O,;
O,geophysical
O,survey
O,results
O,;
O,geochemical
O,survey
O,results
O,;
O,bulk
O,samples
O,–
O,size
O,and
O,method
O,of
O,treatment
O,;
O,metallurgical
O,test
O,results
O,;
O,bulk
O,density
O,","
O,groundwater
O,","
O,geotechnical
O,and
O,rock
O,characteristics
O,;
O,potential
O,deleterious
O,or
O,contaminating
O,substances.
O,Further
O,work
O,•
O,The
O,nature
O,and
O,scale
O,of
O,planned
O,further
O,work
O,•
O,Prospech
O,proposes
O,to
O,carry
O,out
O,additional
O,surface
O,(
O,eg
O,tests
O,for
O,lateral
O,extensions
O,or
O,depth
O,drilling
O,of
O,the
O,Krakauer
O,vein
O,with
O,a
O,pause
O,in
O,September
O,extensions
O,or
O,large-scale
O,step-out
O,drilling
O,)
O,.
O,and
O,October
O,2021
O,to
O,allow
O,Phase
O,II
O,planning
O,and
O,•
O,Diagrams
O,clearly
O,highlighting
O,the
O,areas
O,of
O,permitting.
O,possible
O,extensions
O,","
O,including
O,the
O,main
O,geological
O,interpretations
O,and
O,future
O,drilling
O,areas
O,","
O,provided
O,this
O,information
O,is
O,not
O,commercially
O,sensitive.
O,9
